{"Fp1": [{"start": 71.5, "end": 111.0}], "Fp2": [{"start": 66.63, "end": 129.72641801834106}], "C3": [{"start": 0.0, "end": 129.72641801834106}], "C4": [{"start": 71.5, "end": 111.0}], "P7": [{"start": 71.5, "end": 129.72641801834106}], "P8": [{"start": 71.5, "end": 111.0}], "O1": [{"start": 0.0, "end": 129.72641801834106}], "O2": [{"start": 71.5, "end": 112.5}]}